{"v":"5.5.8","fr":30,"ip":0,"op":83,"w":1000,"h":1000,"nm":"Comp 1","ddd":0,"assets":[],"layers":[{"ddd":0,"ind":1,"ty":4,"nm":"hand/waving-hand Outlines","sr":1,"ks":{"o":{"a":0,"k":100,"ix":11},"r":{"a":1,"k":[{"i":{"x":[0.833],"y":[0.833]},"o":{"x":[0.167],"y":[0.167]},"t":0,"s":[0]},{"i":{"x":[0.833],"y":[0.833]},"o":{"x":[0.167],"y":[0.167]},"t":7,"s":[16]},{"i":{"x":[0.833],"y":[0.833]},"o":{"x":[0.167],"y":[0.167]},"t":15,"s":[-7]},{"i":{"x":[0.833],"y":[0.833]},"o":{"x":[0.167],"y":[0.167]},"t":26,"s":[16]},{"i":{"x":[0.833],"y":[0.833]},"o":{"x":[0.167],"y":[0.167]},"t":38,"s":[-7]},{"i":{"x":[0.833],"y":[0.833]},"o":{"x":[0.167],"y":[0.167]},"t":49,"s":[16]},{"i":{"x":[0.833],"y":[0.833]},"o":{"x":[0.167],"y":[0.167]},"t":61,"s":[-7]},{"t":72,"s":[16]}],"ix":10},"p":{"a":0,"k":[606,706,0],"ix":2},"a":{"a":0,"k":[379.5,484.5,0],"ix":1},"s":{"a":0,"k":[100,100,100],"ix":6}},"ao":0,"shapes":[{"ty":"gr","it":[{"ind":0,"ty":"sh","ix":1,"ks":{"a":0,"k":{"i":[[0,0],[-1.433,1.012],[0,0],[0.281,3.039],[2.77,1.278],[2.492,-1.765],[0,0],[-1.129,-3.543],[-3.723,0.004]],"o":[[1.758,0],[0,0],[2.488,-1.762],[-0.281,-3.039],[-2.773,-1.277],[0,0],[-3.039,2.145],[1.129,3.547],[0,0]],"v":[[-27.802,28.56],[-22.897,27.009],[33.256,-12.552],[36.827,-20.31],[31.892,-27.288],[23.385,-26.499],[-32.767,13.06],[-35.978,22.616],[-27.833,28.56]],"c":true},"ix":2},"nm":"Path 1","mn":"ADBE Vector Shape - Group","hd":false},{"ty":"fl","c":{"a":0,"k":[0,0,0,1],"ix":4},"o":{"a":0,"k":100,"ix":5},"r":1,"bm":0,"nm":"Fill 1","mn":"ADBE Vector Graphic - Fill","hd":false},{"ty":"tr","p":{"a":0,"k":[309.155,439.885],"ix":2},"a":{"a":0,"k":[0,0],"ix":1},"s":{"a":0,"k":[100,100],"ix":3},"r":{"a":0,"k":0,"ix":6},"o":{"a":0,"k":100,"ix":7},"sk":{"a":0,"k":0,"ix":4},"sa":{"a":0,"k":0,"ix":5},"nm":"Transform"}],"nm":"Group 1","np":2,"cix":2,"bm":0,"ix":1,"mn":"ADBE Vector Group","hd":false},{"ty":"gr","it":[{"ind":0,"ty":"sh","ix":1,"ks":{"a":0,"k":{"i":[[0,0],[-1.433,1.015],[0,0],[0.277,3.039],[2.769,1.278],[2.492,-1.762],[0,0],[-1.125,-3.543],[-3.719,0]],"o":[[1.758,-0.004],[0,0],[2.492,-1.758],[-0.278,-3.035],[-2.77,-1.277],[0,0],[-3.036,2.145],[1.121,3.543],[0,0]],"v":[[-3.754,11.602],[1.148,10.04],[9.18,4.391],[12.754,-3.355],[7.832,-10.324],[-0.668,-9.546],[-8.695,-3.898],[-11.906,5.649],[-3.777,11.602]],"c":true},"ix":2},"nm":"Path 1","mn":"ADBE Vector Shape - Group","hd":false},{"ty":"fl","c":{"a":0,"k":[0,0,0,1],"ix":4},"o":{"a":0,"k":100,"ix":5},"r":1,"bm":0,"nm":"Fill 1","mn":"ADBE Vector Graphic - Fill","hd":false},{"ty":"tr","p":{"a":0,"k":[373.301,394.688],"ix":2},"a":{"a":0,"k":[0,0],"ix":1},"s":{"a":0,"k":[100,100],"ix":3},"r":{"a":0,"k":0,"ix":6},"o":{"a":0,"k":100,"ix":7},"sk":{"a":0,"k":0,"ix":4},"sa":{"a":0,"k":0,"ix":5},"nm":"Transform"}],"nm":"Group 2","np":2,"cix":2,"bm":0,"ix":2,"mn":"ADBE Vector Group","hd":false},{"ty":"gr","it":[{"ind":0,"ty":"sh","ix":1,"ks":{"a":0,"k":{"i":[[-9.75,-1.281],[-1.954,2.343],[1.05,2.86],[3.004,0.519],[3.66,3.902],[3.828,-2.746],[-2.75,-3.828]],"o":[[3.004,0.52],[1.949,-2.336],[-1.051,-2.863],[-5.313,-0.629],[-2.746,-3.828],[-3.828,2.75],[6.203,7.633]],"v":[[8.538,14.005],[16.549,11.06],[18.003,2.657],[11.448,-2.807],[-2.443,-9.819],[-14.346,-11.78],[-16.302,0.126]],"c":true},"ix":2},"nm":"Path 1","mn":"ADBE Vector Shape - Group","hd":false},{"ty":"fl","c":{"a":0,"k":[0,0,0,1],"ix":4},"o":{"a":0,"k":100,"ix":5},"r":1,"bm":0,"nm":"Fill 1","mn":"ADBE Vector Graphic - Fill","hd":false},{"ty":"tr","p":{"a":0,"k":[207.698,415.12],"ix":2},"a":{"a":0,"k":[0,0],"ix":1},"s":{"a":0,"k":[100,100],"ix":3},"r":{"a":0,"k":0,"ix":6},"o":{"a":0,"k":100,"ix":7},"sk":{"a":0,"k":0,"ix":4},"sa":{"a":0,"k":0,"ix":5},"nm":"Transform"}],"nm":"Group 3","np":2,"cix":2,"bm":0,"ix":3,"mn":"ADBE Vector Group","hd":false},{"ty":"gr","it":[{"ind":0,"ty":"sh","ix":1,"ks":{"a":0,"k":{"i":[[0,0],[-3.852,2.714],[2.711,3.851],[0,0],[3.851,-2.715],[-2.715,-3.851]],"o":[[2.711,3.852],[3.852,-2.715],[0,0],[-2.714,-3.851],[-3.856,2.711],[0,0]],"v":[[9.986,29.006],[21.873,31.065],[23.932,19.178],[-9.979,-29.006],[-21.865,-31.064],[-23.928,-19.178]],"c":true},"ix":2},"nm":"Path 1","mn":"ADBE Vector Shape - Group","hd":false},{"ty":"fl","c":{"a":0,"k":[0,0,0,1],"ix":4},"o":{"a":0,"k":100,"ix":5},"r":1,"bm":0,"nm":"Fill 1","mn":"ADBE Vector Graphic - Fill","hd":false},{"ty":"tr","p":{"a":0,"k":[158.811,354.182],"ix":2},"a":{"a":0,"k":[0,0],"ix":1},"s":{"a":0,"k":[100,100],"ix":3},"r":{"a":0,"k":0,"ix":6},"o":{"a":0,"k":100,"ix":7},"sk":{"a":0,"k":0,"ix":4},"sa":{"a":0,"k":0,"ix":5},"nm":"Transform"}],"nm":"Group 4","np":2,"cix":2,"bm":0,"ix":4,"mn":"ADBE Vector Group","hd":false},{"ty":"gr","it":[{"ind":0,"ty":"sh","ix":1,"ks":{"a":0,"k":{"i":[[0,0],[-3.062,0.266],[-1.278,2.797],[1.805,2.484],[0,0],[-5.602,7.238],[-1.727,1.224],[-6.672,-9.404],[0,0],[-3.848,2.716],[2.718,3.851],[0,0],[-9.387,6.678],[-5.465,-0.95],[-3.184,-4.544],[0,0],[-1.133,-0.598],[-0.363,-0.117],[-0.84,-0.067],[-0.207,0],[-0.395,0.086],[-0.282,0.063],[-0.984,2.641],[1.653,2.283],[0,0],[-9.437,6.645],[-6.644,-9.438],[0,0],[0,0],[-10.742,-8.312],[-6.043,-0.009],[-2.934,1.004],[0,0],[3.496,-6.582],[-4.484,-17.723],[-2.996,-0.898],[-2.223,2.203],[0.875,3.004],[-6.606,12.388],[-2.41,9.132],[2.515,15.867],[0.179,5.589],[0.168,4.778],[-10.101,7.113],[-2.703,-1.444],[-0.227,-12.555],[-9.136,-24.187],[-4.922,-20.71],[4.261,-22.809],[-10.41,-14.868],[0,0],[5,-3.527],[0,0],[3.543,4.993],[0,0],[7.711,1.066],[0.309,0.395],[0,0],[-8.469,7.635],[-5.723,-0.809],[-3.332,-4.731]],"o":[[1.742,2.535],[3.059,-0.266],[1.277,-2.797],[0,0],[-5.297,-7.461],[1.285,-1.676],[9.437,-6.621],[0,0],[2.715,3.851],[3.852,-2.715],[0,0],[-6.59,-9.454],[4.531,-3.207],[5.469,0.948],[0,0],[0.754,1.036],[0.344,0.157],[0.785,0.316],[0.203,0],[0.402,-0.035],[0.285,-0.027],[2.742,-0.64],[0.985,-2.64],[0,0],[-6.649,-9.438],[9.442,-6.644],[0,0],[0,0],[7.613,11.25],[4.89,3.551],[3.094,-0.004],[0,0],[-2.141,7.14],[-8.617,16.12],[0.641,3.062],[2.992,0.895],[2.222,-2.204],[-3.449,-13.61],[4.461,-8.324],[1.899,-15.957],[-0.786,-6.488],[-0.129,-4.794],[-0.949,-25.448],[2.43,-1.863],[10.32,7.138],[3.336,25.64],[5.848,17.509],[7.68,32.461],[-3.313,17.835],[0,0],[3.519,5.007],[0,0],[-5.019,3.504],[0,0],[-4.48,-6.363],[-40.336,-5.406],[0,0],[-6.773,-9.183],[4.507,-3.625],[5.73,0.809],[0,0]],"v":[[-102.352,16.183],[-94.579,19.855],[-87.559,14.898],[-88.415,6.351],[-190.11,-138.027],[-189.598,-162.774],[-185.059,-167.146],[-155.942,-162.113],[-59.876,-25.734],[-47.985,-23.681],[-45.93,-35.575],[-164.583,-204.027],[-159.528,-233.152],[-143.915,-236.676],[-130.403,-228.094],[-11.743,-59.649],[-8.876,-57.165],[-7.817,-56.755],[-5.364,-56.176],[-4.766,-56.032],[-3.571,-56.212],[-2.719,-56.349],[3.245,-61.603],[2.171,-69.478],[-93.852,-205.844],[-88.798,-234.97],[-59.673,-229.911],[47.652,-77.563],[47.652,-77.489],[75.367,-47.962],[92.183,-42.484],[101.285,-44.005],[101.285,-43.782],[92.804,-23.152],[86.378,29.449],[92.277,35.878],[100.738,33.765],[102.921,25.32],[107.828,-15.083],[118.175,-41.363],[117.246,-89.329],[115.539,-107.551],[115.054,-121.935],[123.132,-183.356],[131.562,-184.04],[148.367,-152.676],[167.132,-77.685],[183.933,-21.38],[181.375,76.996],[192.464,128.121],[194.531,131.054],[191.851,146.503],[63.519,236.933],[48.05,234.245],[30.757,209.589],[11.648,197.937],[-57.454,152.55],[-193.044,-39.974],[-190.051,-69.609],[-174.012,-74.024],[-159.817,-65.344]],"c":true},"ix":2},"nm":"Path 1","mn":"ADBE Vector Shape - Group","hd":false},{"ind":1,"ty":"sh","ix":2,"ks":{"a":0,"k":{"i":[[6.477,-5.181],[-12.102,-16.497],[0,0],[-47.805,-6.406],[-1.742,-2.488],[0,0],[-7.355,-1.281],[-6.109,4.301],[0,0],[-1.282,7.363],[4.301,6.106],[0,0],[-2.535,13.321],[8.031,33.754],[5.957,17.856],[3.179,24.347],[14.015,6.466],[7.398,-5.399],[-1.222,-32.688],[-0.117,-4.73],[-0.836,-6.911],[-0.332,-7.234],[2.973,-1.005],[3,2.211],[6.546,9.688],[0,0],[0,0],[13.867,-1.668],[5.105,-13],[0,0],[17.145,-12.075],[-12.074,-17.137],[0,0],[6.239,-12.497],[-8.039,-11.414],[0,0]],"o":[[-15.621,13.213],[0,0],[1.32,1.875],[3.008,0.426],[0,0],[4.293,6.113],[7.364,1.281],[0,0],[6.113,-4.297],[1.281,-7.36],[0,0],[-7.855,-11.051],[5.539,-29.484],[-5.117,-21.449],[-8.715,-22.961],[-2,-20.605],[-8.219,-4.027],[-17.66,12.446],[0.172,4.702],[0.164,6.399],[0.809,6.766],[-1.094,2.938],[-3.512,1.23],[-9.207,-7.203],[0,0],[0,0],[-8.043,-11.427],[-13.868,1.673],[0,0],[-12.074,-17.141],[-17.141,12.077],[0,0],[-13.954,0.429],[-6.234,12.492],[0,0],[-8.289,0.214]],"v":[[-200.782,-82.902],[-207.028,-30.149],[-71.383,162.382],[9.351,214.855],[16.792,219.421],[34.179,244.054],[52.382,255.601],[73.421,250.882],[201.746,160.453],[213.289,142.246],[208.57,121.21],[206.507,118.277],[198.187,80.132],[200.601,-25.337],[183.402,-83.099],[165.492,-154.297],[138.75,-199.556],[113.355,-197.329],[98.05,-121.32],[98.527,-107.133],[100.312,-87.313],[102.281,-66.431],[95.855,-60.195],[85.449,-61.767],[61.668,-87.263],[61.625,-87.356],[-45.731,-239.734],[-81.305,-255.575],[-112.11,-231.754],[-116.462,-237.919],[-169.364,-247.094],[-178.536,-194.192],[-174.176,-188.004],[-206.962,-167.024],[-204.032,-128.212],[-178.024,-91.215]],"c":true},"ix":2},"nm":"Path 2","mn":"ADBE Vector Shape - Group","hd":false},{"ty":"mm","mm":1,"nm":"Merge Paths 1","mn":"ADBE Vector Filter - Merge","hd":false},{"ty":"fl","c":{"a":0,"k":[0,0,0,1],"ix":4},"o":{"a":0,"k":100,"ix":5},"r":1,"bm":0,"nm":"Fill 1","mn":"ADBE Vector Graphic - Fill","hd":false},{"ty":"tr","p":{"a":0,"k":[219.38,259.419],"ix":2},"a":{"a":0,"k":[0,0],"ix":1},"s":{"a":0,"k":[100,100],"ix":3},"r":{"a":0,"k":0,"ix":6},"o":{"a":0,"k":100,"ix":7},"sk":{"a":0,"k":0,"ix":4},"sa":{"a":0,"k":0,"ix":5},"nm":"Transform"}],"nm":"Group 5","np":6,"cix":2,"bm":0,"ix":5,"mn":"ADBE Vector Group","hd":false}],"ip":0,"op":1351,"st":0,"bm":0}],"markers":[]}